elapsed_s,voltage_V,current_mA
1.52,11.750,-1.2
2.51,11.761,0.0
3.57,11.756,0.0
4.61,11.765,-1.2
5.63,11.766,-2.5
6.60,11.758,-1.2
7.57,11.771,-2.5
8.54,11.758,-1.2
9.51,11.764,-1.2
10.54,11.761,0.0
11.51,11.764,-2.5
12.48,11.768,-2.5
13.45,11.754,-2.5
14.42,11.768,-1.2
15.42,11.775,1.2
16.40,11.770,-2.5
17.37,11.761,-2.5
18.34,11.761,-1.2
19.33,11.744,5.0
20.30,11.764,-1.2
21.31,11.752,-1.2
22.31,11.769,-2.5
23.30,11.594,8.8
24.29,11.570,8.8
25.28,11.766,-5.0
26.31,11.773,-3.8
27.30,11.771,0.0
28.29,11.759,-1.2
29.29,11.761,-1.2
30.29,11.759,-1.2
31.32,11.764,-2.5
32.31,11.765,-2.5
33.30,11.769,-3.8
34.30,11.766,-2.5
35.29,11.771,-2.5
36.31,11.769,-1.2
37.28,11.763,-2.5
38.26,11.764,-2.5
39.24,11.768,-1.2
40.22,11.768,0.0
41.23,11.765,-2.5
42.24,11.759,-1.2
43.23,11.764,-2.5
44.23,11.775,-3.8
45.22,11.748,-7.5
46.22,11.768,-3.8
47.25,11.769,-2.5
48.25,11.719,2.5
49.32,11.759,-2.5
50.37,11.306,2577.5
51.42,11.558,822.5
52.44,11.350,3806.2
53.46,11.527,856.2
54.47,11.215,3080.0
55.48,11.595,1398.8
56.51,11.174,3760.0
57.54,11.695,1075.0
58.55,11.255,3233.8
59.57,11.640,567.5
60.59,11.206,3657.5
61.61,11.709,225.0
62.63,11.251,3418.8
63.65,11.730,193.8
64.67,11.363,2775.0
65.69,11.609,11.2
66.74,11.309,2686.2
67.77,11.761,1.2
68.79,11.396,2626.2
69.82,11.730,293.8
70.85,11.171,4070.0
72.47,11.463,1885.0
74.09,11.436,1948.8
75.14,11.201,3007.5
76.21,11.345,1787.5
77.28,11.079,2043.8
78.37,11.356,1682.5
79.47,11.271,2832.5
80.55,11.390,1542.5
81.63,13.099,-298.8
82.71,10.921,5020.0
83.76,11.768,1.2
84.82,11.329,3043.8
85.86,11.591,1302.5
87.09,11.353,3091.2
88.91,11.326,2322.5
90.10,11.450,2007.5
91.14,11.363,2976.2
92.20,11.409,2771.2
93.26,11.456,1143.8
94.33,11.143,4030.0
95.41,11.316,2466.2
96.48,11.765,-7.5
97.55,11.769,-2.5
98.58,11.751,-2.5
99.61,11.603,8.8
100.64,11.759,0.0
101.75,11.688,5.0
102.88,11.235,3490.0
104.00,11.652,3.8
105.10,11.183,2707.5
106.19,10.425,8736.2
107.26,11.554,876.2
108.33,11.131,3338.8
109.38,11.516,1056.2
110.68,11.186,3118.8
112.42,11.646,271.2
113.76,11.650,321.2
114.82,11.457,2005.0
116.30,11.600,896.2
117.88,11.738,2.5
119.07,11.768,-6.2
120.10,11.760,-2.5
121.13,11.771,-1.2
122.16,11.758,-2.5
123.21,11.760,-2.5
124.23,11.690,6.2
125.35,11.705,2.5
126.98,11.075,3098.8
128.63,11.269,3083.8
130.08,11.283,3226.2
131.73,11.600,312.5
132.94,11.723,507.5
133.99,11.367,3402.5
135.04,11.754,157.5
136.10,11.144,2666.2
137.17,11.581,770.0
138.28,11.294,2477.5
139.37,11.489,926.2
140.47,11.294,2706.2
141.58,11.461,896.2
142.67,11.390,2013.8
143.82,9.695,14996.2
145.58,11.428,1922.5
147.09,11.473,1803.8
148.13,11.404,2585.0
149.17,11.574,1255.0
150.23,11.449,2327.5
151.29,11.326,2576.2
152.36,11.280,1970.0
153.46,11.374,2702.5
154.54,11.446,2567.5
155.64,11.065,2792.5
156.75,11.275,3002.5
157.84,11.271,3191.2
158.92,19.062,182.5
159.99,10.956,4511.2
161.06,11.771,1.2
162.11,11.336,2881.2
163.15,11.598,1072.5
164.20,11.284,2065.0
165.24,11.330,3318.8
166.28,11.383,2202.5
167.32,11.329,4081.2
168.36,11.473,1771.2
169.40,11.116,4346.2
170.46,11.584,1013.8
171.52,10.914,5233.8
172.58,11.164,1343.8
173.66,11.169,3398.8
174.78,11.320,3151.2
175.88,11.290,3300.0
176.99,11.123,3057.5
178.53,11.254,4028.8
180.26,11.271,3738.8
181.37,11.220,3318.8
182.41,11.214,2512.5
183.45,11.199,3251.2
184.49,11.627,1885.0
185.97,11.219,3507.5
187.79,12.506,8512.5
189.05,11.386,2973.8
190.15,11.031,2516.2
191.24,11.160,3591.2
192.32,11.391,2715.0
193.52,11.130,5891.2
195.30,11.283,3031.2
196.63,11.933,-590.0
197.67,11.250,3810.0
198.72,11.562,1465.0
199.76,11.116,4183.8
200.81,11.460,1517.5
202.30,11.383,2636.2
203.97,10.329,8717.5
205.05,11.490,1128.8
206.14,11.220,3127.5
207.24,11.539,1175.0
208.77,11.215,3696.2
210.49,11.322,2510.0
211.57,10.643,7387.5
212.64,11.006,2146.2
213.70,11.126,4720.0
214.75,11.579,991.2
215.80,11.226,3366.2
216.84,11.536,937.5
218.24,11.309,2615.0
220.04,11.773,461.2
221.27,11.530,661.2
222.36,11.285,3053.8
223.45,11.585,1272.5
224.58,11.297,2901.2
225.67,11.527,1438.8
226.75,13.523,738.8
227.82,11.106,4557.5
228.88,11.656,575.0
229.94,11.281,3058.8
230.98,11.697,227.5
232.03,11.379,2552.5
233.07,11.752,2.5
234.12,11.409,2298.8
235.16,11.575,1160.0
236.21,11.420,1967.5
237.26,11.350,3593.8
238.32,11.467,1758.8
239.40,11.041,3220.0
240.48,11.201,2057.5
241.56,11.271,2232.5
242.66,11.197,2551.2
243.77,11.152,2828.8
244.89,11.341,2788.8
245.96,10.946,5522.5
247.03,14.828,17.5
248.09,11.420,2643.8
249.14,11.484,898.8
250.19,11.422,2346.2
251.23,11.421,3251.2
252.28,11.369,2001.2
253.32,11.245,3353.8
254.36,11.534,1981.2
255.41,11.138,4800.0
256.46,11.516,2125.0
257.52,11.036,5401.2
258.58,11.595,1817.5
259.66,11.176,4421.2
260.76,11.324,2660.0
261.86,11.261,2387.5
262.97,11.110,2178.8
264.07,11.232,2716.2
265.17,11.414,2118.8
266.24,11.474,2328.8
267.30,11.279,3056.2
268.35,11.558,1585.0
269.40,11.020,5551.2
270.47,11.515,1531.2
271.52,10.765,4638.8
272.56,11.719,863.8
273.61,11.146,5093.8
274.68,11.571,2243.8
276.34,11.377,2821.2
278.00,11.395,3132.5
279.21,11.349,2402.5
280.29,11.330,2383.8
281.37,11.244,4476.2
282.44,11.488,1498.8
283.50,11.203,3937.5
284.55,11.525,1396.2
285.63,10.894,5588.8
286.69,11.516,2677.5
287.75,11.056,3167.5
288.82,11.421,2332.5
289.91,11.232,3057.5
291.14,11.469,1480.0
292.94,15.662,-766.2
294.25,11.418,2123.8
295.36,11.176,1771.2
296.45,11.679,1245.0
297.54,11.085,5363.8
298.61,11.495,2053.8
299.67,11.129,4490.0
300.74,11.270,2761.2
301.81,11.131,3612.5
302.87,11.749,528.8
303.95,11.475,3190.0
305.04,11.621,-102.5
306.14,11.274,2881.2
307.24,11.688,2.5
308.36,11.240,2876.2
309.48,11.654,6.2
310.58,12.165,-946.2
311.67,10.398,9051.2
312.74,11.556,837.5
313.81,11.051,4075.0
314.87,11.680,935.0
315.94,11.091,3632.5
317.00,11.723,343.8
318.07,11.453,3047.5
319.16,11.670,721.2
320.26,11.344,2447.5
321.39,11.475,806.2
322.91,11.349,2262.5
324.70,11.075,2800.0
325.80,10.908,5480.0
326.88,11.501,296.2
327.95,11.152,2872.5
329.02,11.752,198.8
330.08,11.429,2440.0
331.15,11.674,503.8
332.21,11.400,2081.2
333.29,11.400,2443.8
334.39,11.349,2246.2
335.49,11.251,2475.0
336.63,11.335,2838.8
337.76,11.270,2862.5
338.86,15.861,-478.8
339.95,11.027,5147.5
341.03,13.463,238.8
342.11,11.348,2628.8
343.17,11.535,1097.5
344.23,11.441,2123.8
345.29,11.383,2420.0
346.35,11.426,1345.0
347.44,11.251,4121.2
348.53,11.514,2162.5
349.63,11.008,2850.0
350.75,11.369,2597.5
351.90,11.033,3541.2
353.00,17.742,-2006.2
354.09,11.158,4292.5
355.17,11.638,832.5
356.24,11.511,1815.0
357.30,11.435,2883.8
358.36,11.553,2132.5
359.41,11.013,4115.0
360.46,11.529,1736.2
361.51,11.113,4707.5
362.58,11.400,1455.0
363.66,11.088,3722.5
364.75,11.495,2763.8
365.85,11.190,3105.0
366.99,10.986,3912.5
368.63,11.228,2197.5
370.32,11.289,2880.0
371.44,11.250,3626.2
372.49,11.494,1641.2
373.54,11.277,4442.5
374.60,11.478,2072.5
375.66,11.251,3736.2
376.73,11.592,1031.2
377.81,11.091,4068.8
378.90,11.230,2666.2
380.00,11.265,2440.0
381.11,11.321,2871.2
384.73,11.617,846.2
385.79,11.211,3267.5
386.86,11.514,2261.2
387.94,11.205,3091.2
389.04,11.486,275.0
390.14,11.185,2080.0
391.26,11.514,1975.0
392.39,11.285,2550.0
393.48,10.314,9216.2
394.56,11.295,2135.0
395.62,11.152,5288.8
396.67,11.558,1703.8
397.71,11.229,4247.5
398.77,11.490,1966.2
399.82,11.004,3556.2
400.88,11.611,751.2
401.94,11.321,3450.0
403.02,11.758,71.2
404.10,11.224,2775.0
405.20,11.665,6.2
406.30,11.238,2192.5
407.43,11.672,6.2
408.55,11.259,2241.2
409.63,10.036,12245.0
410.71,11.644,1125.0
411.78,10.936,4405.0
412.87,11.562,483.8
413.92,11.158,3260.0
414.98,11.689,488.8
416.03,11.309,2621.2
417.08,11.752,1.2
418.18,11.430,2128.8
419.25,11.349,1910.0
420.34,11.350,2446.2
421.43,11.381,1522.5
422.54,11.291,2813.8
423.69,11.476,1802.5
424.78,16.093,-972.5
425.86,10.851,6550.0
426.93,11.631,497.5
428.00,11.348,3001.2
429.05,11.750,2.5
430.11,11.383,2708.8
431.15,11.669,628.8
432.21,11.515,2281.2
433.26,11.504,2372.5
434.33,11.492,2010.0
435.40,11.181,4062.5
436.49,11.283,2045.0
437.58,11.265,4511.2
438.71,11.196,3065.0
439.83,11.175,2942.5
440.93,11.280,2116.2
442.02,10.914,6312.5
443.09,18.781,-12.5
444.16,11.524,2173.8
445.21,11.513,2140.0
446.26,11.514,2132.5
447.31,11.377,3027.5
448.36,11.670,1221.2
449.41,11.232,3825.0
450.47,11.421,1818.8
451.54,11.189,3701.2
452.61,11.414,1867.5
453.69,11.344,3232.5
454.81,11.322,2268.8
455.92,11.370,2355.0
457.04,11.154,1881.2
458.13,10.589,8191.2
459.24,11.424,2993.8
460.31,11.591,1498.8
461.37,11.350,3765.0
462.42,11.451,1216.2
463.47,11.072,3945.0
464.56,11.543,1640.0
465.62,11.186,5003.8
466.69,11.604,1925.0
467.77,11.134,3705.0
468.87,11.277,2923.8
470.01,11.402,2357.5
471.13,11.274,2815.0
472.63,11.285,3416.2
474.40,11.499,2076.2
475.51,11.049,5406.2
476.55,11.389,2270.0
477.60,11.069,5882.5
478.65,11.476,1371.2
480.14,11.345,2413.8
481.99,10.106,9281.2
483.16,11.376,2567.5
484.27,11.321,2427.5
485.36,10.939,3831.2
486.45,11.438,1602.5
487.52,10.996,4820.0
488.58,11.734,2132.5
489.99,11.072,3076.2
491.78,11.511,1097.5
493.07,11.502,818.8
494.17,11.344,2042.5
495.28,11.595,860.0
496.39,11.256,2552.5
497.48,10.502,7576.2
499.01,19.742,266.2
500.66,11.295,3025.0
501.73,11.072,4211.2
502.77,11.540,1800.0
503.82,11.251,3248.8
504.88,11.669,966.2
505.94,11.084,3215.0
507.00,11.683,262.5
508.07,11.309,2595.0
509.14,11.666,262.5
510.28,11.220,2692.5
511.38,11.536,673.8
512.89,11.348,3430.0
514.67,11.361,2333.8
515.86,11.054,4240.0
516.92,11.686,1391.2
517.97,11.300,3003.8
519.02,11.705,143.8
520.08,11.356,2758.8
521.13,11.664,758.8
522.20,11.290,2038.8
523.28,11.293,2206.2
524.37,11.330,2067.5
525.47,11.396,1798.8
526.58,11.430,2317.5
527.69,11.371,2113.8
528.79,15.081,-2120.0
529.87,10.729,7348.8
530.98,11.688,286.2
532.04,11.223,2871.2
533.09,11.721,6.2
534.58,11.369,2213.8
536.41,11.446,2397.5
537.50,11.091,3712.5
538.60,11.467,2207.5
539.70,11.280,3630.0
540.81,11.530,2427.5
541.91,11.258,3748.8
543.00,21.872,-332.5
544.07,11.331,3935.0
545.15,11.544,848.8
546.66,11.371,3060.0
548.53,11.228,3322.5
549.64,11.287,2968.8
550.74,11.206,1838.8
551.86,11.033,3276.2
552.98,11.335,3195.0
554.07,10.613,7361.2
555.16,11.530,1112.5
556.27,11.446,1807.5
557.32,11.121,3197.5
558.38,11.414,1541.2
559.44,10.970,4932.5
560.52,11.344,2202.5
561.58,11.136,5610.0
562.66,11.719,1626.2
563.75,11.148,3692.5
564.84,11.405,2338.8
566.00,11.259,2140.0
567.12,11.252,3083.8
568.22,11.055,4823.8
569.31,11.121,4708.8
570.38,11.467,2202.5
571.46,11.024,4641.2
572.51,11.662,1226.2
573.56,11.130,4280.0
574.62,11.466,2091.2
575.67,11.116,4416.2
576.73,11.662,801.2
577.81,11.225,4175.0
578.90,11.455,2505.0
580.53,11.260,1905.0
582.11,11.363,2041.2
583.22,11.540,1510.0
584.34,11.180,2262.5
585.48,10.755,7048.8
587.15,11.634,1123.8
588.60,11.205,2405.0
589.66,11.156,4390.0
590.71,11.568,1097.5
591.77,11.029,3563.8
592.82,11.525,2315.0
593.88,11.250,3531.2
594.93,11.636,266.2
596.00,11.312,3035.0
597.13,11.533,-2.5
598.23,11.250,2866.2
599.33,11.665,5.0
601.00,11.544,2980.0
602.55,11.353,3072.5
603.66,9.619,10437.5
604.74,11.710,-473.8
605.82,11.046,4628.8
606.89,11.585,1008.8
607.95,11.338,3787.5
609.00,11.688,276.2
610.05,11.381,2496.2
611.11,11.734,202.5
612.16,11.380,2272.5
613.23,11.429,1931.2
614.31,11.391,1818.8
615.40,11.238,1978.8
616.52,11.353,2502.5
617.63,11.273,2925.0
618.74,11.366,2755.0
619.84,9.785,14032.5
620.92,14.605,-292.5
622.00,10.938,4275.0
623.06,11.761,1.2
624.11,11.265,2750.0
625.16,11.513,1207.5
626.21,11.516,2163.8
627.26,11.445,1850.0
628.31,11.471,2140.0
629.36,11.100,3190.0
630.43,11.534,2256.2
631.50,11.141,4843.8
632.60,11.256,2983.8
633.69,11.294,3952.5
634.80,11.135,2376.2
635.91,11.373,2622.5
637.03,11.361,3566.2
638.11,11.039,4151.2
639.18,11.516,1355.0
640.81,11.489,3906.2
642.38,11.161,3025.0
643.43,11.185,3168.8
644.48,11.539,1633.8
645.53,11.113,4677.5
646.59,11.456,1673.8
647.67,11.005,4368.8
648.75,11.348,2707.5
649.84,11.299,2343.8
650.94,11.433,2851.2
652.07,11.351,2543.8
653.17,11.220,4208.8
654.25,11.271,3243.8
655.44,11.071,3793.8
657.27,11.783,2440.0
658.59,11.560,1822.5
659.63,11.109,4765.0
660.68,11.571,2965.0
661.74,11.286,3717.5
662.81,11.412,1198.8
664.46,11.185,2896.2
666.16,11.296,2505.0
667.26,11.252,2702.5
668.35,11.326,1600.0
669.43,10.955,6223.8
670.49,11.490,1757.5
671.55,11.138,5116.2
672.60,11.518,2225.0
673.64,11.114,4595.0
674.68,11.405,1467.5
675.72,11.050,3768.8
676.77,11.554,522.5
677.81,11.221,3636.2
678.86,11.460,1216.2
679.91,11.226,3578.8
680.98,11.719,581.2
682.06,11.215,3215.0
683.15,11.661,266.2
684.70,11.160,3666.2
686.43,11.261,3106.2
687.67,11.096,4727.5
688.73,11.495,2002.5
689.78,11.174,3737.5
690.83,11.438,2102.5
691.88,11.217,3625.0
692.97,11.749,417.5
694.03,11.315,2802.5
695.10,11.748,0.0
696.18,11.224,3233.8
697.27,11.599,447.5
698.41,11.164,2802.5
699.52,11.736,633.8
700.62,11.197,3438.8
701.70,9.935,11301.2
702.78,11.624,420.0
704.06,11.255,3152.5
705.90,11.484,13457.5
707.24,11.416,1710.0
708.33,11.283,2560.0
709.42,11.524,1883.8
710.53,11.213,2753.8
711.65,11.479,2407.5
713.37,11.373,2050.0
714.76,11.400,2603.8
715.85,10.377,8991.2
716.93,13.144,-441.2
718.00,11.256,4092.5
719.06,11.710,0.0
720.12,11.394,2156.2
721.17,11.658,887.5
722.23,11.502,2027.5
723.28,11.281,3251.2
724.34,11.500,2180.0
725.41,10.768,4510.0
726.50,11.386,2575.0
727.59,10.944,4760.0
728.72,11.119,2336.2
729.85,11.220,3398.8
730.95,11.170,2646.2
732.05,10.691,6481.2
733.13,16.676,726.2
734.20,11.383,2670.0
735.26,11.303,2728.8
736.31,11.185,2285.0
737.36,11.113,4141.2
738.90,11.176,3070.0
740.65,11.388,2900.0
741.80,11.321,3320.0
742.91,11.411,2700.0
744.03,11.404,2357.5
745.13,10.965,2748.8
746.21,11.309,3546.2
747.29,11.369,3033.8
748.35,11.447,2012.5
749.41,11.099,4597.5
750.46,11.604,1097.5
751.51,11.165,3537.5
752.56,11.349,1212.5
753.60,10.984,4880.0
754.67,11.345,1428.8
755.73,11.091,3957.5
756.81,11.418,1333.8
758.30,11.357,2956.2
760.11,10.719,6535.0
761.23,11.496,1790.0
762.79,11.359,2763.8
764.44,11.289,3153.8
765.71,11.016,5690.0
767.36,11.603,850.0
768.84,16.710,496.2
770.45,11.324,2813.8
772.12,11.071,4870.0
773.22,11.651,257.5
774.33,11.230,2606.2
775.44,11.609,2.5
776.53,13.117,-1638.8
777.61,10.359,10103.8
778.69,11.455,2247.5
779.76,11.134,5435.0
780.82,12.039,947.5
781.87,11.158,4073.8
782.92,11.654,1016.2
783.97,11.239,3477.5
785.03,11.707,98.8
786.10,11.193,2625.0
787.18,11.624,598.8
788.26,11.297,2767.5
789.35,11.509,1012.5
790.85,11.399,2365.0
792.67,11.449,2280.0
793.86,10.914,5013.8
794.93,11.671,436.2
795.99,11.273,3068.8
797.04,11.693,5.0
798.10,11.131,3042.5
799.15,11.569,766.2
800.25,11.304,2232.5
801.32,11.191,3223.8
802.81,11.259,2605.0
804.66,11.193,3033.8
805.80,11.650,4007.5
806.89,18.806,-493.8
807.97,11.036,4341.2
809.05,11.723,6.2
810.74,11.123,3842.5
812.32,10.225,9358.8
813.39,11.131,4363.8
814.87,11.366,2316.2
816.52,11.236,2713.8
817.61,11.406,2648.8
818.71,11.029,2785.0
819.83,11.469,2675.0
820.94,10.665,3617.5
822.62,10.990,3216.2
824.30,11.204,1856.2
825.38,11.056,5113.8
826.44,11.579,1240.0
827.51,11.056,4305.0
828.59,11.244,2257.5
829.71,11.320,2687.5
830.81,11.201,2592.5
831.94,11.081,2260.0
833.05,11.039,2870.0
834.14,10.931,6407.5
835.22,11.500,2188.8
836.29,11.396,2011.2
837.35,11.281,3726.2
838.40,11.579,1446.2
839.45,10.879,4892.5
840.50,11.471,2426.2
841.55,11.039,5143.8
842.60,11.560,1591.2
843.66,10.980,4601.2
844.74,11.422,2301.2
845.84,11.154,3442.5
846.94,11.426,3266.2
848.58,11.428,2433.8
850.28,11.285,2646.2
851.62,11.084,6316.2
853.29,11.482,1823.8
854.74,12.525,-350.0
855.81,11.325,5052.5
856.90,11.550,310.0
858.00,11.336,2393.8
859.11,11.537,1430.0
860.74,11.266,3871.2
862.39,11.366,3100.0
863.49,10.649,7522.5
864.57,11.645,1850.0
865.64,10.941,4828.8
866.70,11.651,623.8
867.76,10.851,5078.8
868.81,11.575,1296.2
869.87,11.295,3810.0
870.97,11.726,146.2
872.05,11.220,2917.5
873.15,11.595,3.8
874.26,11.143,2837.5
875.39,11.696,3.8
877.09,11.131,4226.2
878.61,11.315,3285.0
879.71,10.001,12110.0
880.79,11.694,308.8
881.86,11.204,3985.0
882.92,11.711,905.0
883.97,11.033,4536.2
885.03,11.734,105.0
886.08,11.279,2805.0
887.14,11.621,648.8
888.20,11.305,2257.5
889.27,11.439,2145.0
890.39,11.401,1906.2
891.49,11.265,2400.0
892.60,11.263,2471.2
894.04,11.002,1543.8
895.82,11.354,2510.0
897.09,21.360,-12.5
898.63,11.301,2606.2
900.19,11.189,2207.5
901.24,11.443,2428.8
902.31,11.561,1588.8
903.38,11.165,3171.2
905.00,11.175,2865.0
906.73,11.244,3582.5
907.90,11.043,4186.2
908.99,20.169,-1301.2
910.08,10.988,5322.5
911.16,11.709,836.2
912.22,11.360,2265.0
913.28,11.373,3387.5
914.33,11.476,1970.0
915.41,11.215,4346.2
916.47,11.498,590.0
917.53,11.191,4330.0
918.61,11.430,1133.8
919.69,10.970,4567.5
920.82,11.451,2672.5
921.93,11.312,3530.0
923.05,11.350,4181.2
924.15,11.488,3613.8
925.24,11.330,2501.2
926.32,11.065,2560.0
927.38,11.252,4758.8
928.43,11.464,2097.5
929.79,10.998,4445.0
931.63,11.110,-57.5
932.90,11.356,2251.2
934.00,11.225,2831.2
935.11,11.297,2288.8
936.61,11.284,3630.0
938.28,11.342,3026.2
939.52,10.911,6700.0
940.57,11.214,937.5
941.62,11.145,4192.5
942.68,11.674,1043.8
943.73,11.236,4033.8
944.78,11.580,706.2
945.85,11.172,3920.0
946.92,11.668,4930.0
948.43,11.297,2793.8
950.14,10.879,5347.5
951.25,11.513,617.5
952.75,11.363,2616.2
954.42,11.291,2857.5
955.65,10.938,5363.8
956.71,11.494,1246.2
958.00,11.164,4192.5
959.66,11.713,2.5
960.92,11.768,266.2
961.98,10.995,3638.8
963.05,11.755,41.2
964.12,11.355,2937.5
965.21,11.543,576.2
966.33,11.258,2973.8
967.44,11.536,1023.8
969.00,11.239,2868.8
970.63,11.274,3141.2
971.73,10.373,8956.2
972.80,11.444,112.5
973.87,11.180,3842.5
974.93,11.601,186.2
976.01,11.286,3630.0
977.06,11.761,0.0
978.12,11.339,2755.0
979.18,11.371,1281.2
980.25,11.466,2776.2
981.37,11.350,2607.5
982.46,11.311,2530.0
983.57,11.216,2180.0
984.68,11.402,2531.2
985.78,11.178,2062.5
986.87,17.124,1117.5
987.95,11.124,4447.5
989.02,11.746,-40.0
990.07,11.348,3313.8
991.13,11.595,496.2
992.19,11.409,2322.5
993.24,11.494,2143.8
994.31,11.287,1855.0
995.38,11.180,5117.5
996.47,11.248,2267.5
997.58,11.079,3705.0
998.69,11.344,2655.0
999.81,11.306,3262.5
1000.91,11.466,2645.0
1002.02,10.676,7875.0
1003.09,17.745,-13.8
1004.59,11.280,2582.5
1006.40,11.211,2328.8
1007.51,11.170,4375.0
1008.60,11.433,1376.2
1009.69,11.310,3732.5
1010.80,11.289,2827.5
1011.95,11.172,2025.0
1013.05,16.050,-521.2
1014.55,11.091,4595.0
1016.37,11.284,2602.5
1017.50,11.207,3853.8
1018.57,11.615,1041.2
1019.65,10.959,4830.0
1020.74,11.259,3542.5
1021.87,11.308,2338.8
1023.00,11.081,3542.5
1024.11,11.109,2268.8
1025.21,11.443,2631.2
1026.29,11.467,2613.8
1027.36,11.255,4695.0
1028.42,11.384,2397.5
1029.81,10.986,4377.5
1031.58,11.174,3367.5
1032.88,11.170,2711.2
1033.98,11.374,3146.2
1035.11,11.398,2033.8
1036.62,11.221,3273.8
1038.48,11.280,3247.5
1040.17,11.293,2781.2
1041.45,10.869,10442.5
1042.52,11.569,1943.8
1043.57,11.162,4687.5
1044.62,11.521,2666.2
1045.67,11.143,4706.2
1046.73,11.644,1111.2
1047.78,11.179,4018.8
1048.84,11.685,1181.2
1049.92,11.219,3943.8
1051.00,11.585,420.0
1052.10,11.254,2985.0
1053.24,11.527,672.5
1054.36,11.294,2341.2
1055.47,11.539,598.8
1056.56,11.572,33.8
1057.66,10.739,5505.0
1058.73,11.535,2172.5
1059.78,11.033,4095.0
1060.84,11.506,1396.2
1061.90,11.232,3677.5
1062.96,11.547,216.2
1064.03,11.341,3005.0
1065.11,11.746,1.2
1066.21,11.220,2818.8
1067.31,11.505,343.8
1068.45,11.239,2941.2
1070.09,11.404,671.2
1071.75,11.523,1031.2
1073.26,11.501,1651.2
1074.95,11.374,2677.5
1076.14,11.201,3420.0
1077.22,11.540,1241.2
1078.72,11.350,2892.5
1080.56,11.215,3902.5
1081.74,11.264,1603.8
1083.41,11.231,4466.2
1084.88,11.562,2597.5
1085.96,11.158,4545.0
1087.03,11.699,65.0
1088.53,11.274,2891.2
1090.23,11.155,2862.5
1091.32,11.121,3622.5
1092.40,11.527,1971.2
1093.48,11.084,4196.2
1095.00,11.285,3316.2
1096.87,11.345,2880.0
1097.98,10.625,8176.2
1099.06,19.199,-12.5
1100.55,11.259,3066.2
1102.25,11.466,3797.5
1103.40,11.217,3408.8
1104.47,11.465,1482.5
1105.56,10.919,4617.5
1106.65,11.071,3466.2
1107.77,11.306,2552.5
1108.89,11.074,2946.2
1110.01,11.090,3230.0
1111.10,16.561,-16.2
1112.74,12.005,1616.2
1114.25,11.252,2308.8
1115.32,11.258,2881.2
1116.37,11.524,1802.5
1117.43,11.171,4050.0
1118.48,11.481,2956.2
1119.54,10.883,5368.8
1120.59,11.136,1493.8
1122.13,11.190,2790.0
1123.88,10.481,8043.8
1125.05,11.194,3203.8
1126.56,11.359,2297.5
1128.26,11.271,3116.2
1129.44,11.111,4090.0
1130.50,11.572,1698.8
1131.55,11.216,4015.0
1132.60,11.561,2333.8
1134.14,11.148,3532.5
1135.68,11.370,2405.0
1136.73,11.551,1100.0
1137.80,11.200,4501.2
1138.87,11.521,1143.8
1139.96,11.165,3541.2
1141.06,11.379,888.8
1142.17,11.398,2407.5
1143.31,11.357,1730.0
1145.01,11.235,2822.5
1146.69,11.309,3250.0
1147.75,11.114,4310.0
1148.80,11.331,2375.0
1149.86,11.230,3765.0
1150.92,11.572,415.0
1151.99,11.335,3375.0
1153.09,11.625,42.5
1154.19,11.235,3186.2
1155.29,11.589,1.2
1156.93,11.336,3403.8
1158.62,11.248,3455.0
1159.78,11.149,4521.2
1160.83,11.470,1115.0
1161.88,11.105,4306.2
1162.93,11.509,533.8
1163.99,11.322,3635.0
1165.05,11.756,1.2
1166.12,11.369,2731.2
1167.21,11.535,693.8
1168.30,11.174,3283.8
1169.41,11.578,423.8
1170.53,11.156,2766.2
1171.63,11.482,510.0
1172.71,13.343,551.2
1173.92,10.925,5107.5
1175.75,11.461,1193.8
1177.01,19.096,-6.2
1178.51,11.250,3041.2
1180.19,8.625,16136.2
1181.42,11.418,2270.0
1182.52,11.133,2578.8
1183.65,11.342,1858.8
1184.75,11.308,2176.2
1185.83,10.559,9670.0
1186.91,11.615,233.8
1187.97,11.129,4281.2
1189.03,11.719,55.0
1190.44,11.379,2480.0
1192.21,11.291,3382.5
1193.46,11.367,2677.5
1194.96,11.356,2552.5
1196.56,11.154,3200.0
1197.67,11.179,2066.2
1199.16,11.353,2640.0
1200.82,11.236,2728.8
1202.05,11.239,4440.0
1203.11,11.659,192.5
1204.61,11.280,3462.5
1206.15,11.145,4363.8
1207.20,11.616,1260.0
1208.24,11.332,2482.5
1209.29,11.332,3162.5
1210.34,11.495,2263.8
1211.38,11.303,4298.8
1212.43,11.450,1863.8
1213.50,10.771,5543.8
1214.60,11.215,2543.8
1215.69,11.319,3890.0
1216.78,11.277,3263.8
1217.90,11.244,3770.0
1219.03,11.014,3901.2
1220.12,10.779,6076.2
1221.19,11.547,1345.0
1222.26,11.304,2777.5
1223.32,11.338,3331.2
1224.37,11.471,2083.8
1225.41,11.316,4260.0
1226.46,11.395,2360.0
1227.50,10.949,4642.5
1228.55,11.315,1082.5
1229.60,10.924,6010.0
1230.67,11.479,2088.8
1231.74,11.113,5318.8
1232.82,11.341,2681.2
1233.91,11.172,3326.2
1235.06,11.354,3105.0
1236.56,11.258,3015.0
1238.25,11.224,2935.0
1239.34,11.107,5311.2
1240.42,11.481,2578.8
1241.67,10.931,6108.8
1243.44,11.370,1932.5
1244.84,11.540,1330.0
1245.91,11.029,3885.0
1247.00,11.351,2551.2
1248.10,11.116,3402.5
1249.23,11.402,1728.8
1250.72,11.199,3370.0
1252.49,11.359,3252.5
1253.99,11.160,3916.2
1255.65,11.564,1017.5
1256.86,11.655,1108.8
1257.93,11.130,4090.0
1259.00,11.582,546.2
1260.08,11.080,3805.0
1261.17,11.604,1002.5
1262.27,11.155,3633.8
1263.38,11.669,357.5
1264.50,11.145,3216.2
1265.57,10.565,7623.8
1266.65,11.502,1457.5
1267.92,11.018,4911.2
1269.70,11.479,5.0
1270.97,18.440,197.5
1272.02,11.149,3520.0
1273.09,11.638,11.2
1274.57,11.261,3475.0
1277.45,11.539,1110.0
1278.95,11.363,2973.8
1280.60,11.281,3628.8
1281.95,10.975,5533.8
1283.60,11.388,1640.0
1285.10,24.649,-1038.8
1286.14,11.321,2983.8
1287.20,11.554,1280.0
1288.27,11.344,2653.8
1289.34,11.201,2331.2
1290.46,11.289,3330.0
1291.56,11.250,2186.2
1292.67,11.206,3586.2
1293.77,11.293,2731.2
1294.88,16.880,152.5
1295.95,11.060,5562.5
1297.02,11.735,-62.5
1298.50,11.080,3487.5
1300.30,11.430,3013.8
1301.89,11.193,3642.5
1303.54,11.036,5151.2
1304.68,11.290,3140.0
1305.78,11.250,3295.0
1306.89,11.254,3016.2
1307.99,11.279,3978.8
1309.07,18.336,-16.2
1310.56,11.136,4535.0
1312.34,11.110,4245.0
1313.42,11.009,5961.2
1314.47,11.350,2168.8
1315.53,11.020,5605.0
1316.60,11.355,1121.2
1317.68,11.081,4361.2
1318.76,10.891,3478.8
1319.87,11.314,3882.5
1321.00,11.029,4626.2
1322.10,11.201,2760.0
1323.18,11.549,2798.8
1324.25,11.161,4066.2
1325.52,11.045,4755.0
1327.28,11.252,3280.0
1328.52,11.429,2575.0
1329.58,10.834,5448.8
1330.63,11.511,1701.2
1331.71,11.106,5032.5
1332.79,11.229,2582.5
1333.89,11.120,4221.2
1335.00,11.281,2208.8
1336.78,11.058,2633.8
1338.29,11.172,3275.0
1339.42,10.838,7043.8
1341.11,11.309,2135.0
1342.71,11.225,3600.0
1343.78,11.084,6033.8
1344.87,11.623,901.2
1346.37,11.246,3768.8
1348.08,10.956,5040.0
1349.25,11.463,1567.5
1350.37,11.085,3203.8
1351.47,10.630,7795.0
1352.56,11.502,2385.0
1353.64,10.895,5328.8
1354.70,11.340,1768.8
1355.77,11.079,4375.0
1356.83,11.455,1315.0
1357.90,11.100,4382.5
1358.98,11.680,423.8
1360.08,11.037,3983.8
1361.20,11.655,110.0
1362.33,11.133,4027.5
1363.46,11.596,2.5
1365.24,24.566,-330.0
1366.88,11.160,3742.5
1367.95,11.053,4452.5
1369.02,11.720,136.2
1370.11,11.145,3891.2
1371.22,11.581,811.2
1372.33,11.103,3663.8
1373.52,11.001,887.5
1375.37,21.328,1640.0
1376.87,11.072,3443.8
1378.18,11.114,4191.2
1379.89,11.412,2191.2
1381.17,11.525,1355.0
1382.67,11.006,3947.5
1384.39,10.784,6112.5
1385.65,11.320,2893.8
1387.17,11.169,4060.0
1388.88,11.221,4158.8
1390.07,10.988,4532.5
1391.14,11.550,1308.8
1392.22,11.296,3732.5
1393.29,11.296,3737.5
1394.92,11.251,4330.0
1397.90,11.906,3820.0
1399.61,10.598,6468.8
1401.33,10.866,5001.2
1403.03,11.095,4078.8
1404.31,11.230,3668.8
1405.83,11.113,4607.5
1407.54,11.150,2028.8
1408.80,10.793,3775.0
1409.93,11.165,4452.5
1411.07,11.220,4838.8
1412.17,10.730,5742.5
1413.26,11.379,2410.0
1414.34,11.328,2478.8
1415.41,10.765,5263.8
1416.48,11.331,2635.0
1417.55,11.043,5342.5
1418.62,11.416,2880.0
1420.13,10.930,4312.5
1421.78,9.771,12630.0
1423.45,11.328,2745.0
1425.04,11.244,3398.8
1426.16,11.499,3116.2
1427.27,11.321,2203.8
1428.36,11.349,2826.2
1429.59,10.929,4872.5
1431.44,11.356,3092.5
1432.67,10.909,2666.2
1433.72,11.056,5048.8
1434.78,11.553,1157.5
1436.28,11.164,3956.2
1438.07,10.135,9567.5
1439.24,11.402,1580.0
1440.74,11.179,4196.2
1442.33,11.135,3715.0
1443.44,10.930,5902.5
1444.53,11.420,1921.2
1445.61,10.783,5592.5
1446.68,11.354,2318.8
1447.73,10.751,5956.2
1448.78,11.371,2012.5
1449.83,10.970,5548.8
1450.89,11.615,1202.5
1451.94,10.963,5162.5
1453.00,11.680,436.2
1454.07,11.025,4473.8
1455.16,11.607,2.5
1456.29,10.957,4246.2
1457.40,11.595,106.2
1458.97,12.339,4860.0
1460.67,10.955,4832.5
1461.82,10.859,6660.0
1462.88,11.537,1902.5
1463.93,10.585,6007.5
1464.98,11.659,821.2
1466.46,11.114,4293.8
1470.16,10.925,5010.0
1471.22,11.545,1531.2
1472.28,10.985,4145.0
1473.35,10.996,4712.5
1474.88,11.001,4546.2
1476.62,10.969,4378.8
1477.85,10.963,4557.5
1478.94,18.615,-1286.2
1480.03,10.700,6886.2
1481.10,13.319,-16.2
1482.19,11.090,4967.5
1483.24,11.480,3032.5
1484.29,11.217,3941.2
1485.35,10.988,5108.8
1486.40,11.241,3651.2
1487.48,10.759,7396.2
1488.55,11.223,4090.0
1489.64,10.894,7671.2
1490.73,11.148,5123.8
1491.87,10.922,4703.8
1492.99,11.025,5630.0
1494.09,11.009,3968.8
1495.18,11.527,1936.2
1496.26,10.975,4607.5
1497.34,10.835,4662.5
1498.39,11.039,3732.5
1499.45,10.870,6896.2
1500.50,11.210,3147.5
1501.55,10.801,6223.8
1502.61,11.336,3161.2
1503.68,10.605,7026.2
1504.76,11.369,2525.0
1505.84,10.728,5115.0
1506.95,11.226,3511.2
1508.47,10.957,5417.5
1510.30,10.820,4828.8
1511.44,10.874,6366.2
1512.51,11.258,3726.2
1513.57,10.849,6241.2
1514.62,11.361,2913.8
1515.67,10.808,6595.0
1516.72,11.144,3423.8
1517.77,10.955,6522.5
1518.82,11.537,2611.2
1519.90,10.842,6847.5
1520.98,11.550,878.8
1522.07,10.906,4831.2
1523.21,11.516,656.2
1524.33,10.885,4927.5
1525.43,11.414,601.2
1526.52,11.651,1671.2
1528.19,9.239,17056.2
1529.80,11.669,3.8
1530.85,11.544,1637.5
1531.90,10.921,5617.5
1532.95,11.599,1052.5
1534.00,10.883,5206.2
1535.07,11.750,2.5
1536.15,10.961,5383.8
1537.23,11.525,572.5
1538.35,11.089,4638.8
1539.46,11.453,955.0
1540.96,11.100,4622.5
1542.74,11.080,4186.2
1543.82,10.693,7478.8
1544.89,11.479,1857.5
1545.95,11.051,5441.2
1547.00,11.654,290.0
1548.05,11.019,5038.8
1549.10,11.744,0.0
1550.15,11.200,3880.0
1551.20,11.471,1307.5
1552.27,11.158,3658.8
1553.34,11.285,4191.2
1554.43,11.127,3550.0
1555.53,11.084,5482.5
1556.64,11.018,4707.5
1557.79,11.099,4171.2
1558.90,16.410,-1661.2
1560.00,10.819,6376.2
1561.07,11.755,1.2
1562.13,11.037,4360.0
1563.21,11.555,1308.8
1564.26,11.361,3362.5
1565.31,11.211,3987.5
1566.39,11.389,2915.0
1567.46,10.938,6425.0
1568.54,11.096,4087.5
1569.81,10.946,4147.5
1571.52,10.955,5277.5
1573.00,11.100,3342.5
1574.49,10.723,6241.2
1576.09,11.006,4426.2
1577.17,11.396,1801.2
1578.26,11.281,3701.2
1579.30,11.169,3837.5
1580.83,11.189,3572.5
1582.68,11.168,3756.2
1583.78,11.080,4563.8
1584.89,10.945,4685.0
1586.39,11.107,4023.8
1588.05,11.140,3813.8
1589.18,11.457,1651.2
1590.26,11.239,3421.2
1591.32,11.268,4205.0
1592.81,11.189,4037.5
1594.50,11.074,3541.2
1596.04,2.533,1.2
1597.70,1.766,0.0
1598.87,1.538,0.0
1599.90,1.512,0.0
1600.92,1.715,0.0
1601.94,1.748,1.2
1602.95,1.786,1.2
1604.01,1.805,1.2
1605.03,1.836,1.2
1606.04,1.867,1.2
1607.06,1.877,0.0
1608.08,1.896,-1.2
1609.11,1.926,1.2
1610.12,1.938,2.5
1611.14,1.958,1.2
1612.15,1.969,0.0
1613.17,1.981,1.2
1614.21,1.998,0.0
1615.22,2.009,1.2
1616.24,2.022,2.5
1617.25,2.030,-2.5
1618.26,2.035,1.2
1619.30,2.054,1.2
1620.31,2.042,1.2
1621.32,2.065,1.2
1622.33,2.081,1.2
1623.35,2.089,1.2
1624.39,2.094,-1.2
1625.40,2.104,0.0
1626.42,2.107,1.2
1627.42,2.104,0.0
1628.43,2.126,1.2
1629.47,2.132,1.2
1630.48,2.121,1.2
1631.49,2.130,0.0
1632.51,2.152,1.2
1633.51,2.155,2.5
1634.56,2.159,0.0
1635.57,2.170,1.2
1636.58,2.169,2.5
1637.59,2.170,1.2
1638.60,2.176,1.2
1639.64,2.169,1.2
1640.65,2.159,0.0
1641.65,2.152,0.0
1642.66,2.151,2.5
1643.67,2.143,2.5
1644.71,2.139,1.2
1645.72,2.135,0.0
1646.73,2.118,0.0
1647.74,2.110,0.0
1648.75,2.116,1.2
1649.79,2.116,-1.2
1650.80,2.105,1.2
1651.81,2.103,1.2
1652.81,2.103,0.0
1653.82,2.090,1.2
1654.87,2.089,1.2
1655.87,2.079,1.2
1656.88,2.083,0.0
1657.89,2.076,1.2
1658.89,2.075,1.2
1659.94,2.060,0.0
1660.95,2.065,0.0
1661.96,2.060,0.0
1662.97,2.058,1.2
1663.98,2.038,1.2
1665.03,2.049,0.0
1666.05,2.042,0.0
1667.06,2.021,1.2
1668.07,2.031,0.0
1669.08,2.018,2.5
1670.13,2.020,2.5
1671.14,2.019,1.2
1672.15,2.014,1.2
1673.16,2.011,0.0
1674.17,2.007,0.0
1675.21,2.004,0.0
1676.22,1.999,0.0
1677.23,1.995,1.2
1678.24,1.974,1.2
1679.24,1.986,2.5
1680.28,1.948,0.0
1681.28,1.965,2.5
1682.29,1.970,0.0
1683.29,1.971,1.2
1684.29,1.964,1.2
1685.32,1.964,1.2
1686.33,1.958,1.2
1687.33,1.944,1.2
1688.33,1.949,0.0
1689.34,1.887,0.0
1690.36,1.966,1.2
1691.37,1.979,2.5
1692.37,1.975,2.5
1693.37,1.978,1.2
1694.37,1.994,2.5
1695.38,1.994,-1.2
1696.41,2.006,0.0
1697.41,2.013,2.5
1698.41,1.994,1.2
1699.41,2.018,1.2
1700.41,2.022,1.2
1701.44,2.000,0.0
1702.43,2.024,0.0
1703.43,2.040,1.2
1704.44,2.041,0.0
1705.44,2.038,0.0
1706.49,2.004,0.0
1707.49,2.044,0.0
1708.49,2.058,1.2
1709.49,2.060,0.0
1710.49,2.022,1.2
1711.52,2.056,0.0
1712.51,2.071,0.0
1713.51,2.071,2.5
1714.51,2.079,1.2
1715.51,2.085,1.2
1716.55,2.076,0.0
1717.55,2.081,1.2
1718.54,2.093,0.0
1719.54,2.089,1.2
1720.53,2.095,1.2
1721.56,2.100,0.0
1722.55,2.094,0.0
1723.55,2.110,2.5
1724.54,2.107,1.2
1725.53,2.114,0.0
1726.55,2.116,1.2
1727.54,2.120,1.2
1728.54,2.115,1.2
1729.53,2.126,2.5
1730.53,2.125,1.2
1731.52,2.124,0.0
1732.55,2.134,1.2
1733.55,2.138,0.0
1734.54,2.131,1.2
1735.53,2.143,0.0
1736.53,2.138,0.0
1737.56,2.136,0.0
1738.55,2.152,0.0
1739.55,2.145,1.2
1740.54,2.154,1.2
1741.53,2.147,1.2
1742.56,2.155,2.5
1743.56,2.158,0.0
1744.55,2.163,0.0
1745.55,2.161,1.2
1746.54,2.166,1.2
1747.58,2.166,1.2
1748.57,2.174,1.2
1749.57,2.176,0.0
1750.56,2.165,1.2
1751.55,2.172,0.0
1752.58,2.192,0.0
1753.57,2.183,0.0
1754.57,2.184,0.0
1755.56,2.184,1.2
1756.56,2.190,1.2
1757.57,2.179,1.2
1758.59,2.194,0.0
1759.58,2.185,1.2
1760.57,2.198,0.0
1761.57,2.199,0.0
1762.57,2.195,1.2
1763.59,2.204,0.0
1764.59,2.206,1.2
1765.58,11.758,-2.5
1766.58,11.751,-2.5
1767.58,11.746,-1.2
1768.62,11.746,-1.2
1769.62,11.758,-2.5
1770.62,11.758,-2.5
1771.61,11.759,-2.5
1772.61,11.758,-1.2
1773.64,11.751,0.0
1774.63,11.749,-2.5
1775.63,11.756,-2.5
1776.62,11.751,-2.5
1777.63,11.755,-10.0
1778.68,11.697,5.0
1779.77,11.626,6.2
1780.85,10.963,4358.8
1781.92,11.629,3.8
1783.00,11.010,3931.2
1784.12,11.611,3.8
1785.20,11.035,3610.0
1786.27,9.766,13330.0
1787.33,11.429,2007.5
1788.50,10.786,6318.8
1790.29,11.574,356.2
1791.50,11.592,1812.5
1792.54,10.924,5865.0
1793.81,11.710,3.8
1795.48,11.027,4352.5
1796.96,10.614,7437.5
1798.59,11.457,1336.2
1799.92,11.297,1491.2
1801.39,7.670,0.0
1803.01,2.115,0.0
1804.28,1.688,0.0
1805.37,1.508,2.5
1806.44,1.536,1.2
1807.46,1.595,0.0
1808.46,1.619,-1.2
1809.52,1.660,1.2
1810.53,1.629,-1.2
1811.53,1.703,1.2
1812.54,1.714,2.5
1813.54,1.735,0.0
1814.58,1.741,0.0
1815.59,1.761,0.0
1816.60,1.772,2.5
1817.60,1.786,0.0
1818.61,1.805,0.0
1819.65,1.806,0.0
1820.66,1.816,1.2
1821.66,1.825,0.0
1822.67,1.838,0.0
1823.67,1.836,1.2
1824.71,1.864,0.0
1825.72,1.873,1.2
1826.72,1.880,1.2
1827.73,1.889,0.0
1828.73,1.897,2.5
1829.78,1.894,3.8
1830.78,1.903,0.0
1831.79,1.909,1.2
1832.79,1.904,0.0
1833.80,1.934,1.2
1834.84,1.940,1.2
1835.85,1.938,0.0
1836.85,1.955,1.2
1837.86,1.960,0.0
1838.86,1.946,1.2
1839.90,1.959,1.2
1840.91,1.963,1.2
1841.92,1.984,0.0
1842.92,1.981,1.2
1843.93,1.855,1.2
1844.96,1.985,0.0
1845.97,2.002,0.0
1846.97,2.010,0.0
1847.98,2.014,0.0
1848.99,2.006,1.2
1850.01,2.024,1.2
1851.02,2.027,0.0
1852.03,2.035,0.0
1853.04,2.024,1.2
1854.04,2.044,1.2
1855.06,2.049,0.0
1856.10,2.045,1.2
1857.11,2.049,0.0
1858.11,2.060,0.0
1859.12,2.065,0.0
1860.13,2.070,0.0
1861.18,2.073,0.0
1862.18,2.078,1.2
1863.19,2.073,-1.2
1864.20,2.075,1.2
1865.20,2.086,1.2
1866.24,2.094,0.0
1867.25,2.098,0.0
1868.25,2.096,0.0
1869.25,2.101,1.2
1870.26,2.107,2.5
1871.33,2.110,1.2
1872.34,2.098,0.0
1873.34,2.121,0.0
1874.34,2.123,0.0
1875.35,2.114,1.2
1876.39,2.131,1.2
1877.39,2.136,1.2
1878.39,2.130,2.5
1879.40,2.135,1.2
1880.40,2.141,0.0
1881.43,2.146,0.0
1882.44,2.147,1.2
1883.44,2.149,1.2
1884.45,2.154,1.2
1885.45,2.156,0.0
1886.49,2.160,0.0
1887.49,2.158,1.2
1888.50,2.164,-1.2
1889.50,2.163,1.2
1890.51,2.169,1.2
1891.55,2.171,2.5
1892.55,2.167,0.0
1893.56,2.155,0.0
1894.56,2.160,0.0
1895.56,2.149,1.2
1896.59,2.141,0.0
1897.59,2.135,1.2
1898.59,2.129,1.2
1899.60,2.126,0.0
1900.60,2.118,1.2
1901.62,2.119,0.0
1902.63,2.094,-1.2
1903.63,2.100,1.2
1904.63,2.087,1.2
1905.63,2.086,1.2
1906.65,2.076,0.0
1907.67,2.060,0.0
1908.67,2.066,1.2
1909.67,2.081,1.2
1910.67,2.085,1.2
1911.68,2.076,1.2
1912.71,2.084,1.2
1913.71,2.098,0.0
1914.72,2.089,1.2
1915.72,2.091,1.2
1916.72,2.100,1.2
1917.78,2.080,2.5
1918.78,2.109,0.0
1919.78,2.103,1.2
1920.78,2.118,0.0
1921.78,2.112,0.0
1922.80,2.106,1.2
1923.80,2.118,1.2
1924.79,2.127,1.2
1925.79,2.125,1.2
1926.78,2.127,1.2
1927.82,2.132,0.0
1928.82,2.131,0.0
1929.81,2.132,1.2
1930.81,2.132,0.0
1931.81,2.143,0.0
1932.83,2.127,1.2
1933.83,2.138,1.2
1934.82,2.149,1.2
1935.82,2.151,1.2
1936.81,2.151,1.2
1937.82,2.154,2.5
1938.85,2.151,0.0
1939.85,2.161,0.0
1940.84,2.163,1.2
1941.84,2.164,0.0
1942.83,2.165,0.0
1943.87,2.164,0.0
1944.86,2.155,1.2
1945.86,2.172,1.2
1946.85,2.172,0.0
1947.85,2.178,0.0
1948.90,2.180,1.2
1949.90,2.181,1.2
1950.89,2.183,1.2
1951.88,2.180,0.0
1952.88,2.188,1.2
1953.91,2.176,0.0
1954.91,2.189,1.2
1955.90,2.194,0.0
1956.90,2.190,1.2
1957.89,2.194,0.0
1958.92,2.194,0.0
1959.92,2.186,1.2
1960.92,2.194,2.5
1961.91,2.203,0.0
1962.91,2.206,0.0
1963.93,2.190,2.5
1964.93,2.160,0.0
1965.92,2.209,1.2
1966.92,2.211,0.0
1967.91,2.203,1.2
1968.91,2.214,0.0
1969.94,2.206,1.2
1970.94,2.219,0.0
1971.93,2.219,1.2
1972.93,2.220,1.2
1973.93,2.141,0.0
1974.99,2.220,0.0
1975.99,2.215,0.0
1976.98,2.226,1.2
1977.98,2.226,0.0
1978.97,2.228,0.0
1980.00,2.230,1.2
1981.00,2.221,2.5
1981.99,2.235,1.2
1982.99,2.211,0.0
1983.98,2.223,1.2
1985.01,2.239,2.5
1986.01,2.240,1.2
1987.00,2.240,1.2
1988.00,2.076,1.2
1988.99,2.234,1.2
1990.02,2.244,0.0
1991.01,2.238,0.0
1992.01,2.246,-1.2
1993.00,2.246,0.0
1994.00,2.246,1.2
1995.01,2.240,0.0
1996.02,2.251,1.2
1997.02,2.252,0.0
1998.01,2.248,1.2
1999.01,2.254,1.2
2000.00,2.256,1.2
2001.03,2.256,0.0
2002.02,2.256,1.2
2003.02,2.255,1.2
2004.02,2.244,1.2
2005.01,2.257,1.2
2006.06,2.259,0.0
2007.05,2.257,0.0
2008.05,2.257,1.2
2009.04,2.264,0.0
2010.04,2.265,2.5
2011.06,2.264,1.2
2012.06,2.270,1.2
2013.05,2.271,1.2
2014.05,2.271,2.5
2015.04,2.271,1.2
2016.07,2.270,0.0
2017.06,2.265,0.0
2018.06,2.275,2.5
2019.05,2.274,0.0
2020.05,2.275,1.2
2021.07,2.289,0.0
2022.07,2.274,1.2
2023.06,2.280,2.5
2024.06,2.279,0.0
2025.05,2.281,0.0
2026.07,2.277,1.2
2027.08,2.283,0.0
2028.07,2.279,0.0
2029.07,2.279,2.5
2030.06,2.285,0.0
2031.06,2.281,1.2
2032.08,2.289,0.0
2033.08,2.272,0.0
2034.08,2.280,1.2
2035.07,2.284,-1.2
2036.06,2.291,0.0
2037.10,2.285,0.0
2038.09,2.286,1.2
2039.09,2.286,1.2
2040.08,2.286,1.2
2041.08,2.292,0.0
2042.10,2.292,1.2
2043.10,2.283,0.0
2044.10,2.295,2.5
2045.09,2.296,0.0
2046.09,2.291,1.2
2047.13,2.160,0.0
2048.12,2.296,0.0
2049.12,2.295,1.2
2050.11,2.289,0.0
2051.11,2.300,0.0
2052.14,2.296,1.2
2053.13,2.300,0.0
2054.13,2.290,1.2
2055.12,2.297,1.2
2056.12,2.292,1.2
2057.14,2.300,1.2
2058.13,2.281,0.0
2059.13,2.279,1.2
2060.12,2.272,0.0
2061.12,2.256,0.0
2062.11,2.244,1.2
2063.14,2.249,-1.2
2064.14,2.241,0.0
2065.13,2.229,1.2
2066.13,2.224,0.0
2067.12,2.224,-2.5
2068.17,2.206,1.2
2069.16,2.210,0.0
2070.16,2.203,1.2
2071.16,2.191,1.2
2072.15,2.192,2.5
2073.18,2.200,0.0
2074.17,2.200,1.2
2075.17,2.189,1.2
2076.16,2.198,0.0
2077.16,2.199,1.2
2078.18,2.210,1.2
2079.18,2.198,2.5
2080.18,2.203,1.2
2081.17,2.212,2.5
2082.17,2.214,0.0
2083.18,2.225,0.0
2084.18,2.220,1.2
2085.17,2.219,1.2
2086.17,2.219,0.0
2087.17,2.220,1.2
2088.16,2.221,1.2
2089.19,2.220,1.2
2090.19,2.210,1.2
2091.18,2.219,1.2
2092.18,2.224,1.2
2093.17,2.226,0.0
2094.23,2.229,1.2
2095.23,2.229,1.2
2096.22,2.231,1.2
2097.21,2.230,1.2
2098.21,2.232,0.0
2099.24,2.234,1.2
2100.23,2.234,2.5
2101.23,2.235,2.5
2102.22,2.238,1.2
2103.22,2.232,1.2
2104.25,2.241,-1.2
2105.24,2.240,1.2
2106.24,2.230,0.0
2107.23,2.244,0.0
2108.22,2.236,1.2
2109.25,2.228,2.5
2110.24,2.238,-1.2
2111.24,2.246,1.2
2112.23,2.245,0.0
2113.23,2.249,1.2
2114.24,2.249,0.0
2115.26,2.239,1.2
2116.25,2.169,0.0
2117.25,2.250,2.5
2118.24,2.252,0.0
2119.24,2.250,-1.2
2120.26,2.255,-1.2
2121.26,2.249,1.2
2122.25,2.252,1.2
2123.25,2.250,1.2
2124.24,2.246,1.2
2125.27,2.239,0.0
2126.27,2.260,1.2
2127.26,2.129,1.2
2128.26,2.254,1.2
2129.25,2.255,-1.2
2130.27,2.254,0.0
2131.27,2.254,0.0
2132.26,2.261,2.5
2133.25,2.264,0.0
2134.25,2.260,1.2
2135.28,2.264,1.2
2136.27,2.261,0.0
2137.27,2.257,1.2
2138.26,2.257,1.2
2139.25,2.266,1.2
2140.27,2.295,1.2
2141.27,2.259,1.2
2142.26,2.266,2.5
2143.25,2.269,1.2
2144.25,2.268,1.2
2145.25,2.264,2.5
2146.27,2.264,1.2
2147.26,2.271,0.0
2148.25,2.274,1.2
2149.25,2.274,1.2
2150.24,2.274,-1.2
2151.26,2.268,1.2
2152.25,2.277,1.2
2153.25,2.270,1.2
2154.24,2.275,2.5
2155.23,2.277,2.5
2156.26,2.279,1.2
2157.26,2.276,1.2
2158.25,2.275,1.2
2159.25,2.280,2.5
2160.24,2.274,0.0
2161.27,2.275,1.2
2162.26,2.281,-1.2
2163.26,2.284,0.0
2164.25,2.279,1.2
2165.25,2.283,1.2
2166.27,2.285,2.5
2167.27,2.284,1.2
2168.26,2.286,1.2
2169.25,2.285,1.2
2170.25,2.286,1.2
2171.28,2.271,0.0
2172.27,2.284,1.2
2173.27,2.289,1.2
2174.26,2.285,0.0
2175.25,2.285,1.2
2176.26,2.289,1.2
2177.27,2.281,0.0
2178.26,2.286,1.2
2179.26,2.286,1.2
2180.25,2.269,1.2
2181.24,2.291,1.2
2182.30,2.292,1.2
2183.29,2.284,2.5
2184.29,2.286,0.0
2185.28,2.291,0.0
2186.27,2.294,0.0
2187.30,2.296,0.0
2188.30,2.290,2.5
2189.29,2.295,2.5
2190.28,2.297,0.0
2191.27,2.296,1.2
2192.30,2.297,1.2
2193.29,2.300,1.2
2194.29,2.299,1.2
2195.28,2.300,1.2
2196.27,2.292,0.0
2197.29,2.244,1.2
2198.28,2.294,1.2
2199.27,2.299,0.0
2200.27,2.300,1.2
2201.26,2.303,0.0
2202.25,2.292,0.0
2203.28,2.290,0.0
2204.28,2.303,0.0
2205.27,2.299,1.2
2206.27,2.303,0.0
2207.26,2.303,1.2
2208.30,2.303,0.0
2209.67,2.277,1.2
2211.28,2.265,1.2
2212.42,2.309,1.2
2213.41,2.306,1.2
2214.40,2.299,1.2
2215.40,2.304,1.2
2216.39,2.308,0.0
2217.39,2.301,1.2
2218.41,2.297,1.2
2219.41,2.310,1.2
2220.40,2.309,1.2
2221.39,2.305,0.0
2222.38,2.310,0.0
2223.41,2.311,1.2
2224.40,2.306,0.0
2225.40,2.311,1.2
2226.39,2.308,1.2
2227.39,2.312,0.0
2228.41,11.723,0.0
2229.40,11.754,-1.2
2230.40,11.755,-2.5
2231.39,11.749,0.0
2232.39,11.751,-1.2
2233.42,11.592,7.5
2234.51,11.545,0.0
2235.91,11.145,3640.0
2237.66,11.685,3.8
2238.90,13.619,248.8
2239.96,11.205,3022.5
2241.35,11.630,465.0
2243.02,11.579,696.2
2244.35,11.474,2451.2
2245.49,10.121,15506.2
2247.10,11.399,1841.2
2248.66,11.283,2560.0
2250.00,11.230,2503.8
2251.61,11.326,1682.5
2252.94,11.274,3387.5
2253.99,11.441,2211.2
2255.04,11.268,4500.0
2256.52,11.380,2643.8
2258.29,11.130,4187.5
                                                                                                                                                                                                          